{"$schema":"http://schema.management.azure.com/schemas/2015-01-01/deploymentTemplate.json#","contentVersion":"1.0.0.0","parameters":{"workspaceName":{"type":"string","metadata":"Workspace name","defaultValue":"sds1pocws1"},"sds1pocws1-WorkspaceDefaultStorage":{"type":"string"}},"variables":{"workspaceId":"[concat('Microsoft.Synapse/workspaces/', parameters('workspaceName'))]"},"resources":[{"name":"[concat(parameters('workspaceName'), '/TransformDeltaFormat')]","type":"Microsoft.Synapse/workspaces/pipelines","apiVersion":"2019-06-01-preview","properties":{"activities":[{"name":"DeltaSilverProductSales","type":"ExecuteDataFlow","dependsOn":[],"policy":{"timeout":"0.12:00:00","retry":0,"retryIntervalInSeconds":30,"secureOutput":false,"secureInput":false},"userProperties":[],"typeProperties":{"dataflow":{"referenceName":"DataflowSilverProductSales","type":"DataFlowReference","parameters":{},"datasetParameters":{"BronzeProductSales":{"FileName":"FactProductSales.csv"},"DeltaTransformSilverProductSales":{}}},"staging":{},"compute":{"coreCount":8,"computeType":"General"},"traceLevel":"Fine"}},{"name":"DeltaGoldProductSales","type":"ExecuteDataFlow","dependsOn":[{"activity":"DeltaSilverProductSales","dependencyConditions":["Succeeded"]}],"policy":{"timeout":"0.12:00:00","retry":0,"retryIntervalInSeconds":30,"secureOutput":false,"secureInput":false},"userProperties":[],"typeProperties":{"dataflow":{"referenceName":"DataflowGoldProductSales","type":"DataFlowReference","parameters":{},"datasetParameters":{"SilverProductSales":{},"BronzeProductCategoryPredictions":{"FileName":"FactProductCategoryPredictions.csv"},"DeltaTransformGoldProductSales":{}}},"staging":{},"compute":{"coreCount":8,"computeType":"General"},"traceLevel":"Fine"}}],"policy":{"elapsedTimeMetric":{},"cancelAfter":{}},"annotations":[],"lastPublishTime":"2023-05-03T17:19:06Z"},"dependsOn":["[concat(variables('workspaceId'), '/dataflows/DataflowSilverProductSales')]","[concat(variables('workspaceId'), '/dataflows/DataflowGoldProductSales')]"]},{"name":"[concat(parameters('workspaceName'), '/DataflowSilverProductSales')]","type":"Microsoft.Synapse/workspaces/dataflows","apiVersion":"2019-06-01-preview","properties":{"type":"MappingDataFlow","typeProperties":{"sources":[{"dataset":{"referenceName":"DelimitedText","type":"DatasetReference"},"name":"BronzeProductSales"}],"sinks":[{"linkedService":{"referenceName":"[parameters('sds1pocws1-WorkspaceDefaultStorage')]","type":"LinkedServiceReference"},"name":"DeltaTransformSilverProductSales"}],"transformations":[{"name":"FilterDate"},{"name":"RemoveProductNew"},{"name":"AggregateOrderQuantity"},{"name":"CreateAmountSold"},{"name":"UpsertTrue"}],"scriptLines":["source(output(","          ProductKey as short,","          ProductName as string,","          ProductNew as string,","          OrderQuantity as short,","          UnitPrice as float,","          OrderDate as date 'dd.MM.yyyy'","     ),","     allowSchemaDrift: true,","     validateSchema: false,","     ignoreNoFilesFound: false) ~> BronzeProductSales","BronzeProductSales filter(greaterOrEqual(OrderDate, toDate('2018-01-01'))) ~> FilterDate","FilterDate select(mapColumn(","          ProductKey,","          ProductName,","          OrderQuantity,","          UnitPrice,","          OrderDate","     ),","     skipDuplicateMapInputs: true,","     skipDuplicateMapOutputs: true) ~> RemoveProductNew","RemoveProductNew aggregate(groupBy(ProductName,","          ProductKey,","          UnitPrice,","          OrderDate),","     OrderQuantityTotal = count(OrderQuantity)) ~> AggregateOrderQuantity","AggregateOrderQuantity derive(AmountSold = multiply(OrderQuantityTotal, UnitPrice)) ~> CreateAmountSold","CreateAmountSold alterRow(upsertIf(true())) ~> UpsertTrue","UpsertTrue sink(allowSchemaDrift: true,","     validateSchema: false,","     format: 'delta',","     fileSystem: 'dlssds1pocfs1',","     folderPath: 'silver-container/ProductSale',","     mergeSchema: false,","     autoCompact: false,","     optimizedWrite: false,","     vacuum: 0,","     deletable:false,","     insertable:false,","     updateable:false,","     upsertable:true,","     keys:['ProductKey','OrderDate'],","     umask: 0022,","     preCommands: [],","     postCommands: [],","     skipDuplicateMapInputs: true,","     skipDuplicateMapOutputs: true) ~> DeltaTransformSilverProductSales"]}},"dependsOn":["[concat(variables('workspaceId'), '/datasets/DelimitedText')]"]},{"name":"[concat(parameters('workspaceName'), '/DataflowGoldProductSales')]","type":"Microsoft.Synapse/workspaces/dataflows","apiVersion":"2019-06-01-preview","properties":{"type":"MappingDataFlow","typeProperties":{"sources":[{"linkedService":{"referenceName":"[parameters('sds1pocws1-WorkspaceDefaultStorage')]","type":"LinkedServiceReference"},"name":"SilverProductSales"},{"dataset":{"referenceName":"DelimitedText","type":"DatasetReference"},"name":"BronzeProductCategoryPredictions"}],"sinks":[{"linkedService":{"referenceName":"[parameters('sds1pocws1-WorkspaceDefaultStorage')]","type":"LinkedServiceReference"},"name":"DeltaTransformGoldProductSales"}],"transformations":[{"name":"Deduplicate"},{"name":"RemoveOrderDate"},{"name":"JoinPredictions"},{"name":"RemoveRepositionColumns"},{"name":"UpsertTrue"}],"scriptLines":["source(output(","          ProductName as string,","          ProductKey as short,","          UnitPrice as float,","          OrderDate as date,","          OrderQuantityTotal as long,","          AmountSold as float","     ),","     allowSchemaDrift: true,","     validateSchema: false,","     ignoreNoFilesFound: false,","     format: 'delta',","     fileSystem: 'dlssds1pocfs1',","     folderPath: 'silver-container/ProductSale') ~> SilverProductSales","source(output(","          ProductName as string,","          PredictionCategory as string,","          PredictionSubcategory as string,","          OrderDate as date 'dd.MM.yyyy'","     ),","     allowSchemaDrift: true,","     validateSchema: false,","     ignoreNoFilesFound: false) ~> BronzeProductCategoryPredictions","BronzeProductCategoryPredictions aggregate(groupBy(ProductName,","          PredictionCategory,","          PredictionSubcategory),","     each(match(!in(['ProductName','PredictionCategory','PredictionSubcategory'],name)), $$ = first($$))) ~> Deduplicate","Deduplicate select(mapColumn(","          ProductName,","          PredictionCategory,","          PredictionSubcategory","     ),","     skipDuplicateMapInputs: true,","     skipDuplicateMapOutputs: true) ~> RemoveOrderDate","SilverProductSales, RemoveOrderDate join(SilverProductSales@ProductName == RemoveOrderDate@ProductName,","     joinType:'left',","     matchType:'exact',","     ignoreSpaces: false,","     broadcast: 'auto')~> JoinPredictions","JoinPredictions select(mapColumn(","          ProductKey,","          ProductName = SilverProductSales@ProductName,","          PredictionCategory,","          PredictionSubcategory,","          UnitPrice,","          OrderDate,","          OrderQuantityTotal,","          AmountSold","     ),","     skipDuplicateMapInputs: true,","     skipDuplicateMapOutputs: true) ~> RemoveRepositionColumns","RemoveRepositionColumns alterRow(upsertIf(true())) ~> UpsertTrue","UpsertTrue sink(allowSchemaDrift: true,","     validateSchema: false,","     format: 'delta',","     fileSystem: 'dlssds1pocfs1',","     folderPath: 'gold-container/ProductSale',","     mergeSchema: false,","     autoCompact: false,","     optimizedWrite: false,","     vacuum: 0,","     deletable:false,","     insertable:false,","     updateable:false,","     upsertable:true,","     keys:['ProductKey','OrderDate'],","     umask: 0022,","     preCommands: [],","     postCommands: [],","     skipDuplicateMapInputs: true,","     skipDuplicateMapOutputs: true) ~> DeltaTransformGoldProductSales"]}},"dependsOn":["[concat(variables('workspaceId'), '/datasets/DelimitedText')]"]},{"name":"[concat(parameters('workspaceName'), '/DelimitedText')]","type":"Microsoft.Synapse/workspaces/datasets","apiVersion":"2019-06-01-preview","properties":{"linkedServiceName":{"referenceName":"[parameters('sds1pocws1-WorkspaceDefaultStorage')]","type":"LinkedServiceReference"},"parameters":{"FileName":{"type":"string"}},"annotations":[],"type":"DelimitedText","typeProperties":{"location":{"type":"AzureBlobFSLocation","fileName":{"value":"@dataset().FileName","type":"Expression"},"folderPath":"bronze-container","fileSystem":"dlssds1pocfs1"},"columnDelimiter":";","escapeChar":"\\","firstRowAsHeader":true,"quoteChar":"\""},"schema":[{"name":"ProductKey;ProductName;ProductNew;OrderQuantity;UnitPrice;OrderDate","type":"String"}]},"dependsOn":[]},{"name":"[concat(parameters('workspaceName'), '/default')]","type":"Microsoft.Synapse/workspaces/managedVirtualNetworks","apiVersion":"2019-06-01-preview","properties":{},"dependsOn":[]}]}